filename,label
kertas\kertas1.jpg,0
kertas\kertas10.jpg,0
kertas\kertas100.jpg,0
kertas\kertas101.jpg,0
kertas\kertas102.jpg,0
kertas\kertas103.jpg,0
kertas\kertas104.jpg,0
kertas\kertas105.jpg,0
kertas\kertas106.jpg,0
kertas\kertas107.jpg,0
kertas\kertas108.jpg,0
kertas\kertas109.jpg,0
kertas\kertas11.jpg,0
kertas\kertas110.jpg,0
kertas\kertas111.jpg,0
kertas\kertas112.jpg,0
kertas\kertas113.jpg,0
kertas\kertas114.jpg,0
kertas\kertas115.jpg,0
kertas\kertas116.jpg,0
kertas\kertas117.jpg,0
kertas\kertas118.jpg,0
kertas\kertas119.jpg,0
kertas\kertas12.jpg,0
kertas\kertas120.jpg,0
kertas\kertas121.jpg,0
kertas\kertas122.jpg,0
kertas\kertas123.jpg,0
kertas\kertas124.jpg,0
kertas\kertas125.jpg,0
kertas\kertas126.jpg,0
kertas\kertas127.jpg,0
kertas\kertas128.jpg,0
kertas\kertas129.jpg,0
kertas\kertas13.jpg,0
kertas\kertas130.jpg,0
kertas\kertas131.jpg,0
kertas\kertas132.jpg,0
kertas\kertas133.jpg,0
kertas\kertas134.jpg,0
kertas\kertas135.jpg,0
kertas\kertas136.jpg,0
kertas\kertas137.jpg,0
kertas\kertas138.jpg,0
kertas\kertas139.jpg,0
kertas\kertas14.jpg,0
kertas\kertas140.jpg,0
kertas\kertas141.jpg,0
kertas\kertas142.jpg,0
kertas\kertas143.jpg,0
kertas\kertas144.jpg,0
kertas\kertas145.jpg,0
kertas\kertas146.jpg,0
kertas\kertas147.jpg,0
kertas\kertas148.jpg,0
kertas\kertas149.jpg,0
kertas\kertas15.jpg,0
kertas\kertas150.jpg,0
kertas\kertas151.jpg,0
kertas\kertas152.jpg,0
kertas\kertas153.jpg,0
kertas\kertas154.jpg,0
kertas\kertas155.jpg,0
kertas\kertas156.jpg,0
kertas\kertas157.jpg,0
kertas\kertas158.jpg,0
kertas\kertas159.jpg,0
kertas\kertas16.jpg,0
kertas\kertas160.jpg,0
kertas\kertas161.jpg,0
kertas\kertas162.jpg,0
kertas\kertas163.jpg,0
kertas\kertas164.jpg,0
kertas\kertas165.jpg,0
kertas\kertas166.jpg,0
kertas\kertas167.jpg,0
kertas\kertas168.jpg,0
kertas\kertas169.jpg,0
kertas\kertas17.jpg,0
kertas\kertas170.jpg,0
kertas\kertas171.jpg,0
kertas\kertas172.jpg,0
kertas\kertas173.jpg,0
kertas\kertas174.jpg,0
kertas\kertas175.jpg,0
kertas\kertas176.jpg,0
kertas\kertas177.jpg,0
kertas\kertas178.jpg,0
kertas\kertas179.jpg,0
kertas\kertas18.jpg,0
kertas\kertas180.jpg,0
kertas\kertas181.jpg,0
kertas\kertas182.jpg,0
kertas\kertas183.jpg,0
kertas\kertas184.jpg,0
kertas\kertas185.jpg,0
kertas\kertas186.jpg,0
kertas\kertas187.jpg,0
kertas\kertas188.jpg,0
kertas\kertas189.jpg,0
kertas\kertas19.jpg,0
kertas\kertas190.jpg,0
kertas\kertas191.jpg,0
kertas\kertas192.jpg,0
kertas\kertas193.jpg,0
kertas\kertas194.jpg,0
kertas\kertas195.jpg,0
kertas\kertas196.jpg,0
kertas\kertas197.jpg,0
kertas\kertas198.jpg,0
kertas\kertas199.jpg,0
kertas\kertas2.jpg,0
kertas\kertas20.jpg,0
kertas\kertas200.jpg,0
kertas\kertas201.jpg,0
kertas\kertas202.jpg,0
kertas\kertas203.jpg,0
kertas\kertas204.jpg,0
kertas\kertas205.jpg,0
kertas\kertas206.jpg,0
kertas\kertas207.jpg,0
kertas\kertas208.jpg,0
kertas\kertas209.jpg,0
kertas\kertas21.jpg,0
kertas\kertas210.jpg,0
kertas\kertas211.jpg,0
kertas\kertas212.jpg,0
kertas\kertas213.jpg,0
kertas\kertas214.jpg,0
kertas\kertas215.jpg,0
kertas\kertas216.jpg,0
kertas\kertas217.jpg,0
kertas\kertas218.jpg,0
kertas\kertas219.jpg,0
kertas\kertas22.jpg,0
kertas\kertas220.jpg,0
kertas\kertas221.jpg,0
kertas\kertas222.jpg,0
kertas\kertas223.jpg,0
kertas\kertas224.jpg,0
kertas\kertas225.jpg,0
kertas\kertas226.jpg,0
kertas\kertas227.jpg,0
kertas\kertas228.jpg,0
kertas\kertas229.jpg,0
kertas\kertas23.jpg,0
kertas\kertas230.jpg,0
kertas\kertas231.jpg,0
kertas\kertas232.jpg,0
kertas\kertas233.jpg,0
kertas\kertas234.jpg,0
kertas\kertas235.jpg,0
kertas\kertas236.jpg,0
kertas\kertas237.jpg,0
kertas\kertas238.jpg,0
kertas\kertas239.jpg,0
kertas\kertas24.jpg,0
kertas\kertas240.jpg,0
kertas\kertas241.jpg,0
kertas\kertas242.jpg,0
kertas\kertas243.jpg,0
kertas\kertas244.jpg,0
kertas\kertas245.jpg,0
kertas\kertas246.jpg,0
kertas\kertas247.jpg,0
kertas\kertas248.jpg,0
kertas\kertas249.jpg,0
kertas\kertas25.jpg,0
kertas\kertas250.jpg,0
kertas\kertas251.jpg,0
kertas\kertas252.jpg,0
kertas\kertas253.jpg,0
kertas\kertas254.jpg,0
kertas\kertas255.jpg,0
kertas\kertas256.jpg,0
kertas\kertas257.jpg,0
kertas\kertas258.jpg,0
kertas\kertas259.jpg,0
kertas\kertas26.jpg,0
kertas\kertas260.jpg,0
kertas\kertas261.jpg,0
kertas\kertas262.jpg,0
kertas\kertas263.jpg,0
kertas\kertas264.jpg,0
kertas\kertas265.jpg,0
kertas\kertas266.jpg,0
kertas\kertas267.jpg,0
kertas\kertas268.jpg,0
kertas\kertas269.jpg,0
kertas\kertas27.jpg,0
kertas\kertas270.jpg,0
kertas\kertas271.jpg,0
kertas\kertas272.jpg,0
kertas\kertas273.jpg,0
kertas\kertas274.jpg,0
kertas\kertas275.jpg,0
kertas\kertas276.jpg,0
kertas\kertas277.jpg,0
kertas\kertas278.jpg,0
kertas\kertas279.jpg,0
kertas\kertas28.jpg,0
kertas\kertas280.jpg,0
kertas\kertas281.jpg,0
kertas\kertas282.jpg,0
kertas\kertas283.jpg,0
kertas\kertas284.jpg,0
kertas\kertas285.jpg,0
kertas\kertas286.jpg,0
kertas\kertas287.jpg,0
kertas\kertas288.jpg,0
kertas\kertas289.jpg,0
kertas\kertas29.jpg,0
kertas\kertas290.jpg,0
kertas\kertas291.jpg,0
kertas\kertas292.jpg,0
kertas\kertas293.jpg,0
kertas\kertas294.jpg,0
kertas\kertas295.jpg,0
kertas\kertas296.jpg,0
kertas\kertas297.jpg,0
kertas\kertas298.jpg,0
kertas\kertas299.jpg,0
kertas\kertas3.jpg,0
kertas\kertas30.jpg,0
kertas\kertas300.jpg,0
kertas\kertas301.jpg,0
kertas\kertas302.jpg,0
kertas\kertas303.jpg,0
kertas\kertas304.jpg,0
kertas\kertas305.jpg,0
kertas\kertas306.jpg,0
kertas\kertas307.jpg,0
kertas\kertas308.jpg,0
kertas\kertas309.jpg,0
kertas\kertas31.jpg,0
kertas\kertas310.jpg,0
kertas\kertas311.jpg,0
kertas\kertas312.jpg,0
kertas\kertas313.jpg,0
kertas\kertas314.jpg,0
kertas\kertas315.jpg,0
kertas\kertas316.jpg,0
kertas\kertas317.jpg,0
kertas\kertas318.jpg,0
kertas\kertas319.jpg,0
kertas\kertas32.jpg,0
kertas\kertas320.jpg,0
kertas\kertas321.jpg,0
kertas\kertas322.jpg,0
kertas\kertas323.jpg,0
kertas\kertas324.jpg,0
kertas\kertas325.jpg,0
kertas\kertas326.jpg,0
kertas\kertas327.jpg,0
kertas\kertas328.jpg,0
kertas\kertas329.jpg,0
kertas\kertas33.jpg,0
kertas\kertas330.jpg,0
kertas\kertas331.jpg,0
kertas\kertas332.jpg,0
kertas\kertas333.jpg,0
kertas\kertas334.jpg,0
kertas\kertas335.jpg,0
kertas\kertas336.jpg,0
kertas\kertas337.jpg,0
kertas\kertas338.jpg,0
kertas\kertas339.jpg,0
kertas\kertas34.jpg,0
kertas\kertas340.jpg,0
kertas\kertas341.jpg,0
kertas\kertas342.jpg,0
kertas\kertas343.jpg,0
kertas\kertas344.jpg,0
kertas\kertas345.jpg,0
kertas\kertas346.jpg,0
kertas\kertas347.jpg,0
kertas\kertas348.jpg,0
kertas\kertas349.jpg,0
kertas\kertas35.jpg,0
kertas\kertas350.jpg,0
kertas\kertas351.jpg,0
kertas\kertas352.jpg,0
kertas\kertas353.jpg,0
kertas\kertas354.jpg,0
kertas\kertas355.jpg,0
kertas\kertas356.jpg,0
kertas\kertas357.jpg,0
kertas\kertas358.jpg,0
kertas\kertas359.jpg,0
kertas\kertas36.jpg,0
kertas\kertas360.jpg,0
kertas\kertas361.jpg,0
kertas\kertas362.jpg,0
kertas\kertas363.jpg,0
kertas\kertas364.jpg,0
kertas\kertas365.jpg,0
kertas\kertas366.jpg,0
kertas\kertas367.jpg,0
kertas\kertas368.jpg,0
kertas\kertas369.jpg,0
kertas\kertas37.jpg,0
kertas\kertas370.jpg,0
kertas\kertas371.jpg,0
kertas\kertas372.jpg,0
kertas\kertas373.jpg,0
kertas\kertas374.jpg,0
kertas\kertas375.jpg,0
kertas\kertas376.jpg,0
kertas\kertas377.jpg,0
kertas\kertas378.jpg,0
kertas\kertas379.jpg,0
kertas\kertas38.jpg,0
kertas\kertas380.jpg,0
kertas\kertas381.jpg,0
kertas\kertas382.jpg,0
kertas\kertas383.jpg,0
kertas\kertas384.jpg,0
kertas\kertas385.jpg,0
kertas\kertas386.jpg,0
kertas\kertas387.jpg,0
kertas\kertas388.jpg,0
kertas\kertas389.jpg,0
kertas\kertas39.jpg,0
kertas\kertas390.jpg,0
kertas\kertas391.jpg,0
kertas\kertas392.jpg,0
kertas\kertas393.jpg,0
kertas\kertas394.jpg,0
kertas\kertas395.jpg,0
kertas\kertas396.jpg,0
kertas\kertas397.jpg,0
kertas\kertas398.jpg,0
kertas\kertas399.jpg,0
kertas\kertas4.jpg,0
kertas\kertas40.jpg,0
kertas\kertas400.jpg,0
kertas\kertas401.jpg,0
kertas\kertas402.jpg,0
kertas\kertas403.jpg,0
kertas\kertas404.jpg,0
kertas\kertas405.jpg,0
kertas\kertas406.jpg,0
kertas\kertas407.jpg,0
kertas\kertas408.jpg,0
kertas\kertas409.jpg,0
kertas\kertas41.jpg,0
kertas\kertas410.jpg,0
kertas\kertas411.jpg,0
kertas\kertas412.jpg,0
kertas\kertas413.jpg,0
kertas\kertas414.jpg,0
kertas\kertas415.jpg,0
kertas\kertas416.jpg,0
kertas\kertas417.jpg,0
kertas\kertas418.jpg,0
kertas\kertas419.jpg,0
kertas\kertas42.jpg,0
kertas\kertas420.jpg,0
kertas\kertas421.jpg,0
kertas\kertas422.jpg,0
kertas\kertas423.jpg,0
kertas\kertas424.jpg,0
kertas\kertas425.jpg,0
kertas\kertas426.jpg,0
kertas\kertas427.jpg,0
kertas\kertas428.jpg,0
kertas\kertas429.jpg,0
kertas\kertas43.jpg,0
kertas\kertas430.jpg,0
kertas\kertas431.jpg,0
kertas\kertas432.jpg,0
kertas\kertas433.jpg,0
kertas\kertas434.jpg,0
kertas\kertas435.jpg,0
kertas\kertas436.jpg,0
kertas\kertas437.jpg,0
kertas\kertas438.jpg,0
kertas\kertas439.jpg,0
kertas\kertas44.jpg,0
kertas\kertas440.jpg,0
kertas\kertas441.jpg,0
kertas\kertas442.jpg,0
kertas\kertas443.jpg,0
kertas\kertas444.jpg,0
kertas\kertas445.jpg,0
kertas\kertas446.jpg,0
kertas\kertas447.jpg,0
kertas\kertas448.jpg,0
kertas\kertas449.jpg,0
kertas\kertas45.jpg,0
kertas\kertas450.jpg,0
kertas\kertas451.jpg,0
kertas\kertas452.jpg,0
kertas\kertas453.jpg,0
kertas\kertas454.jpg,0
kertas\kertas455.jpg,0
kertas\kertas456.jpg,0
kertas\kertas457.jpg,0
kertas\kertas458.jpg,0
kertas\kertas459.jpg,0
kertas\kertas46.jpg,0
kertas\kertas460.jpg,0
kertas\kertas461.jpg,0
kertas\kertas462.jpg,0
kertas\kertas463.jpg,0
kertas\kertas464.jpg,0
kertas\kertas465.jpg,0
kertas\kertas466.jpg,0
kertas\kertas467.jpg,0
kertas\kertas468.jpg,0
kertas\kertas469.jpg,0
kertas\kertas47.jpg,0
kertas\kertas470.jpg,0
kertas\kertas471.jpg,0
kertas\kertas472.jpg,0
kertas\kertas473.jpg,0
kertas\kertas474.jpg,0
kertas\kertas475.jpg,0
kertas\kertas476.jpg,0
kertas\kertas477.jpg,0
kertas\kertas478.jpg,0
kertas\kertas479.jpg,0
kertas\kertas48.jpg,0
kertas\kertas480.jpg,0
kertas\kertas481.jpg,0
kertas\kertas482.jpg,0
kertas\kertas483.jpg,0
kertas\kertas484.jpg,0
kertas\kertas485.jpg,0
kertas\kertas486.jpg,0
kertas\kertas487.jpg,0
kertas\kertas488.jpg,0
kertas\kertas489.jpg,0
kertas\kertas49.jpg,0
kertas\kertas490.jpg,0
kertas\kertas491.jpg,0
kertas\kertas492.jpg,0
kertas\kertas493.jpg,0
kertas\kertas494.jpg,0
kertas\kertas495.jpg,0
kertas\kertas496.jpg,0
kertas\kertas497.jpg,0
kertas\kertas498.jpg,0
kertas\kertas499.jpg,0
kertas\kertas5.jpg,0
kertas\kertas50.jpg,0
kertas\kertas500.jpg,0
kertas\kertas51.jpg,0
kertas\kertas52.jpg,0
kertas\kertas53.jpg,0
kertas\kertas54.jpg,0
kertas\kertas55.jpg,0
kertas\kertas56.jpg,0
kertas\kertas57.jpg,0
kertas\kertas58.jpg,0
kertas\kertas59.jpg,0
kertas\kertas6.jpg,0
kertas\kertas60.jpg,0
kertas\kertas61.jpg,0
kertas\kertas62.jpg,0
kertas\kertas63.jpg,0
kertas\kertas64.jpg,0
kertas\kertas65.jpg,0
kertas\kertas66.jpg,0
kertas\kertas67.jpg,0
kertas\kertas68.jpg,0
kertas\kertas69.jpg,0
kertas\kertas7.jpg,0
kertas\kertas70.jpg,0
kertas\kertas71.jpg,0
kertas\kertas72.jpg,0
kertas\kertas73.jpg,0
kertas\kertas74.jpg,0
kertas\kertas75.jpg,0
kertas\kertas76.jpg,0
kertas\kertas77.jpg,0
kertas\kertas78.jpg,0
kertas\kertas79.jpg,0
kertas\kertas8.jpg,0
kertas\kertas80.jpg,0
kertas\kertas81.jpg,0
kertas\kertas82.jpg,0
kertas\kertas83.jpg,0
kertas\kertas84.jpg,0
kertas\kertas85.jpg,0
kertas\kertas86.jpg,0
kertas\kertas87.jpg,0
kertas\kertas88.jpg,0
kertas\kertas89.jpg,0
kertas\kertas9.jpg,0
kertas\kertas90.jpg,0
kertas\kertas91.jpg,0
kertas\kertas92.jpg,0
kertas\kertas93.jpg,0
kertas\kertas94.jpg,0
kertas\kertas95.jpg,0
kertas\kertas96.jpg,0
kertas\kertas97.jpg,0
kertas\kertas98.jpg,0
kertas\kertas99.jpg,0
organik\organik1.jpeg,1
organik\organik10.png,1
organik\organik100.jpg,1
organik\organik101.png,1
organik\organik102.jpg,1
organik\organik103.jpg,1
organik\organik104.png,1
organik\organik105.jpg,1
organik\organik106.png,1
organik\organik107.jpg,1
organik\organik108.png,1
organik\organik109.jpg,1
organik\organik11.jpg,1
organik\organik110.png,1
organik\organik111.jpg,1
organik\organik112.png,1
organik\organik113.jpg,1
organik\organik114.jpg,1
organik\organik115.jpg,1
organik\organik116.jpg,1
organik\organik117.png,1
organik\organik118.jpg,1
organik\organik119.png,1
organik\organik12.jpg,1
organik\organik120.jpg,1
organik\organik121.png,1
organik\organik122.jpg,1
organik\organik123.png,1
organik\organik124.jpg,1
organik\organik125.jpg,1
organik\organik126.jpg,1
organik\organik127.png,1
organik\organik128.jpg,1
organik\organik129.png,1
organik\organik13.jpg,1
organik\organik130.jpg,1
organik\organik131.png,1
organik\organik132.jpg,1
organik\organik133.png,1
organik\organik134.jpg,1
organik\organik135.png,1
organik\organik136.jpg,1
organik\organik137.jpg,1
organik\organik138.png,1
organik\organik139.jpg,1
organik\organik14.jpg,1
organik\organik140.png,1
organik\organik141.jpg,1
organik\organik142.png,1
organik\organik143.jpg,1
organik\organik144.png,1
organik\organik145.jpg,1
organik\organik146.png,1
organik\organik147.jpg,1
organik\organik148.jpg,1
organik\organik149.png,1
organik\organik15.png,1
organik\organik150.jpg,1
organik\organik151.png,1
organik\organik152.jpg,1
organik\organik153.png,1
organik\organik154.jpg,1
organik\organik155.png,1
organik\organik156.jpg,1
organik\organik157.png,1
organik\organik158.jpg,1
organik\organik159.jpg,1
organik\organik16.jpg,1
organik\organik160.png,1
organik\organik161.jpg,1
organik\organik162.jpg,1
organik\organik163.jpg,1
organik\organik164.jpg,1
organik\organik165.jpg,1
organik\organik166.jpg,1
organik\organik167.jpg,1
organik\organik168.jpg,1
organik\organik169.jpg,1
organik\organik17.png,1
organik\organik170.jpg,1
organik\organik171.jpg,1
organik\organik172.jpg,1
organik\organik173.jpg,1
organik\organik174.jpg,1
organik\organik175.jpg,1
organik\organik176.jpg,1
organik\organik177.jpg,1
organik\organik178.jpg,1
organik\organik179.jpg,1
organik\organik18.jpg,1
organik\organik180.jpg,1
organik\organik181.jpg,1
organik\organik182.jpg,1
organik\organik183.jpg,1
organik\organik184.jpg,1
organik\organik185.jpg,1
organik\organik186.jpg,1
organik\organik187.jpg,1
organik\organik188.jpg,1
organik\organik189.jpg,1
organik\organik19.png,1
organik\organik190.jpg,1
organik\organik191.jpg,1
organik\organik192.jpg,1
organik\organik193.jpg,1
organik\organik194.jpg,1
organik\organik195.jpg,1
organik\organik196.jpg,1
organik\organik197.jpg,1
organik\organik198.jpg,1
organik\organik199.jpg,1
organik\organik2.jpg,1
organik\organik20.jpg,1
organik\organik200.jpg,1
organik\organik201.jpg,1
organik\organik202.jpg,1
organik\organik203.jpg,1
organik\organik204.jpg,1
organik\organik205.jpg,1
organik\organik206.jpg,1
organik\organik207.jpg,1
organik\organik208.jpg,1
organik\organik209.jpg,1
organik\organik21.png,1
organik\organik210.jpg,1
organik\organik211.jpg,1
organik\organik212.jpg,1
organik\organik213.jpg,1
organik\organik214.jpg,1
organik\organik215.jpg,1
organik\organik216.jpg,1
organik\organik217.jpg,1
organik\organik218.jpg,1
organik\organik219.jpg,1
organik\organik22.jpg,1
organik\organik220.jpg,1
organik\organik221.jpg,1
organik\organik222.jpg,1
organik\organik223.jpg,1
organik\organik224.jpg,1
organik\organik225.jpg,1
organik\organik226.jpg,1
organik\organik227.jpg,1
organik\organik228.jpg,1
organik\organik229.jpg,1
organik\organik23.png,1
organik\organik230.jpg,1
organik\organik231.jpg,1
organik\organik232.jpg,1
organik\organik233.jpg,1
organik\organik234.jpg,1
organik\organik235.jpg,1
organik\organik236.jpg,1
organik\organik237.jpg,1
organik\organik238.jpg,1
organik\organik239.jpg,1
organik\organik24.jpg,1
organik\organik240.jpg,1
organik\organik241.jpg,1
organik\organik242.jpg,1
organik\organik243.jpg,1
organik\organik244.jpg,1
organik\organik245.jpg,1
organik\organik246.jpg,1
organik\organik247.jpg,1
organik\organik248.jpg,1
organik\organik249.jpg,1
organik\organik25.jpg,1
organik\organik250.jpg,1
organik\organik251.jpg,1
organik\organik252.jpg,1
organik\organik253.jpg,1
organik\organik254.jpg,1
organik\organik255.jpg,1
organik\organik256.jpg,1
organik\organik257.jpg,1
organik\organik258.jpg,1
organik\organik259.jpg,1
organik\organik26.png,1
organik\organik260.jpg,1
organik\organik261.jpg,1
organik\organik262.jpg,1
organik\organik263.jpg,1
organik\organik264.jpg,1
organik\organik265.jpg,1
organik\organik266.jpg,1
organik\organik267.jpg,1
organik\organik268.jpg,1
organik\organik269.jpg,1
organik\organik27.jpg,1
organik\organik270.jpg,1
organik\organik271.jpg,1
organik\organik272.jpg,1
organik\organik273.jpg,1
organik\organik274.jpg,1
organik\organik275.jpg,1
organik\organik276.jpg,1
organik\organik277.jpg,1
organik\organik278.jpg,1
organik\organik279.jpg,1
organik\organik28.png,1
organik\organik280.jpg,1
organik\organik281.jpg,1
organik\organik282.jpg,1
organik\organik283.jpg,1
organik\organik284.jpg,1
organik\organik285.jpg,1
organik\organik286.jpg,1
organik\organik287.jpg,1
organik\organik288.jpg,1
organik\organik289.jpg,1
organik\organik29.jpg,1
organik\organik290.jpg,1
organik\organik291.jpg,1
organik\organik292.jpg,1
organik\organik293.jpg,1
organik\organik294.jpg,1
organik\organik295.jpg,1
organik\organik296.jpg,1
organik\organik297.jpg,1
organik\organik298.jpg,1
organik\organik299.jpg,1
organik\organik3.jpg,1
organik\organik30.png,1
organik\organik300.jpg,1
organik\organik301.jpg,1
organik\organik302.jpg,1
organik\organik303.jpg,1
organik\organik304.jpg,1
organik\organik305.jpg,1
organik\organik306.jpg,1
organik\organik307.jpg,1
organik\organik308.jpg,1
organik\organik309.jpg,1
organik\organik31.jpg,1
organik\organik310.jpg,1
organik\organik311.jpg,1
organik\organik312.jpg,1
organik\organik313.jpg,1
organik\organik314.jpg,1
organik\organik315.jpg,1
organik\organik316.jpg,1
organik\organik317.jpg,1
organik\organik318.jpg,1
organik\organik319.jpg,1
organik\organik32.png,1
organik\organik320.jpg,1
organik\organik321.jpg,1
organik\organik322.jpg,1
organik\organik323.jpg,1
organik\organik324.jpg,1
organik\organik325.jpg,1
organik\organik326.jpg,1
organik\organik327.jpg,1
organik\organik328.jpg,1
organik\organik329.jpg,1
organik\organik33.jpg,1
organik\organik330.jpg,1
organik\organik331.jpg,1
organik\organik332.jpg,1
organik\organik333.jpg,1
organik\organik334.jpg,1
organik\organik335.jpg,1
organik\organik336.jpg,1
organik\organik337.jpg,1
organik\organik338.jpg,1
organik\organik339.jpg,1
organik\organik34.png,1
organik\organik340.jpg,1
organik\organik341.jpg,1
organik\organik342.jpg,1
organik\organik343.jpg,1
organik\organik344.jpg,1
organik\organik345.jpg,1
organik\organik346.jpg,1
organik\organik347.jpg,1
organik\organik348.jpg,1
organik\organik349.jpg,1
organik\organik35.jpg,1
organik\organik350.jpg,1
organik\organik351.jpg,1
organik\organik352.jpg,1
organik\organik353.jpg,1
organik\organik354.jpg,1
organik\organik355.png,1
organik\organik356.jpg,1
organik\organik357.png,1
organik\organik358.jpg,1
organik\organik359.jpg,1
organik\organik36.jpg,1
organik\organik360.jpg,1
organik\organik361.jpg,1
organik\organik362.jpg,1
organik\organik363.jpg,1
organik\organik364.jpg,1
organik\organik365.png,1
organik\organik366.jpg,1
organik\organik367.jpg,1
organik\organik368.jpg,1
organik\organik369.jpg,1
organik\organik37.png,1
organik\organik370.jpg,1
organik\organik371.jpg,1
organik\organik372.jpg,1
organik\organik373.jpg,1
organik\organik374.jpg,1
organik\organik375.jpg,1
organik\organik376.jpg,1
organik\organik377.jpg,1
organik\organik378.png,1
organik\organik379.jpg,1
organik\organik38.jpg,1
organik\organik380.jpg,1
organik\organik381.jpg,1
organik\organik382.jpg,1
organik\organik383.jpg,1
organik\organik384.jpg,1
organik\organik385.jpg,1
organik\organik386.jpg,1
organik\organik387.jpg,1
organik\organik388.jpg,1
organik\organik389.jpg,1
organik\organik39.png,1
organik\organik390.jpg,1
organik\organik391.jpg,1
organik\organik392.jpg,1
organik\organik393.jpg,1
organik\organik394.jpg,1
organik\organik395.jpg,1
organik\organik396.jpg,1
organik\organik397.jpg,1
organik\organik398.jpg,1
organik\organik399.jpg,1
organik\organik4.jpg,1
organik\organik40.jpg,1
organik\organik400.jpg,1
organik\organik401.jpg,1
organik\organik402.jpg,1
organik\organik403.jpg,1
organik\organik404.jpg,1
organik\organik405.jpg,1
organik\organik406.jpg,1
organik\organik407.jpg,1
organik\organik408.jpg,1
organik\organik409.jpg,1
organik\organik41.png,1
organik\organik410.jpg,1
organik\organik411.jpg,1
organik\organik412.jpg,1
organik\organik413.jpg,1
organik\organik414.jpg,1
organik\organik415.jpg,1
organik\organik416.jpg,1
organik\organik417.jpg,1
organik\organik418.jpg,1
organik\organik419.jpg,1
organik\organik42.jpg,1
organik\organik420.jpg,1
organik\organik421.jpg,1
organik\organik422.jpg,1
organik\organik423.jpg,1
organik\organik424.jpg,1
organik\organik425.jpg,1
organik\organik426.jpg,1
organik\organik427.jpg,1
organik\organik428.jpg,1
organik\organik429.jpg,1
organik\organik43.png,1
organik\organik430.jpg,1
organik\organik431.jpg,1
organik\organik432.jpg,1
organik\organik433.jpg,1
organik\organik434.jpg,1
organik\organik435.jpg,1
organik\organik436.jpg,1
organik\organik437.jpg,1
organik\organik438.jpg,1
organik\organik439.jpg,1
organik\organik44.jpg,1
organik\organik440.jpg,1
organik\organik441.jpg,1
organik\organik442.jpg,1
organik\organik443.jpg,1
organik\organik444.jpg,1
organik\organik445.jpg,1
organik\organik446.jpg,1
organik\organik447.jpg,1
organik\organik448.jpg,1
organik\organik449.jpg,1
organik\organik45.png,1
organik\organik450.jpg,1
organik\organik451.jpg,1
organik\organik452.jpg,1
organik\organik453.jpg,1
organik\organik454.jpg,1
organik\organik455.jpg,1
organik\organik456.jpg,1
organik\organik457.jpg,1
organik\organik458.jpg,1
organik\organik459.jpg,1
organik\organik46.jpg,1
organik\organik460.jpg,1
organik\organik461.jpg,1
organik\organik462.jpg,1
organik\organik463.jpg,1
organik\organik464.jpg,1
organik\organik465.jpg,1
organik\organik466.jpg,1
organik\organik467.jpg,1
organik\organik468.jpg,1
organik\organik469.jpg,1
organik\organik47.jpg,1
organik\organik470.jpg,1
organik\organik471.jpg,1
organik\organik472.jpg,1
organik\organik473.jpg,1
organik\organik474.jpg,1
organik\organik475.jpg,1
organik\organik476.jpg,1
organik\organik477.jpg,1
organik\organik478.jpg,1
organik\organik479.jpg,1
organik\organik48.png,1
organik\organik480.jpg,1
organik\organik481.jpg,1
organik\organik482.jpg,1
organik\organik483.jpg,1
organik\organik484.jpg,1
organik\organik485.png,1
organik\organik486.jpg,1
organik\organik487.jpg,1
organik\organik488.jpg,1
organik\organik489.jpg,1
organik\organik49.jpg,1
organik\organik490.jpg,1
organik\organik491.jpg,1
organik\organik492.jpg,1
organik\organik493.jpg,1
organik\organik494.jpg,1
organik\organik495.jpg,1
organik\organik496.jpg,1
organik\organik497.jpg,1
organik\organik498.jpg,1
organik\organik499.jpg,1
organik\organik5.jpg,1
organik\organik50.png,1
organik\organik500.jpg,1
organik\organik51.jpg,1
organik\organik52.png,1
organik\organik53.jpg,1
organik\organik54.png,1
organik\organik55.jpg,1
organik\organik56.png,1
organik\organik57.jpg,1
organik\organik58.jpg,1
organik\organik59.png,1
organik\organik6.jpg,1
organik\organik60.jpg,1
organik\organik61.png,1
organik\organik62.jpg,1
organik\organik63.png,1
organik\organik64.jpeg,1
organik\organik65.jpg,1
organik\organik66.png,1
organik\organik67.jpg,1
organik\organik68.png,1
organik\organik69.jpg,1
organik\organik7.jpg,1
organik\organik70.jpg,1
organik\organik71.png,1
organik\organik72.jpg,1
organik\organik73.png,1
organik\organik74.jpg,1
organik\organik75.png,1
organik\organik76.jpg,1
organik\organik77.png,1
organik\organik78.jpg,1
organik\organik79.png,1
organik\organik8.jpg,1
organik\organik80.jpg,1
organik\organik81.jpg,1
organik\organik82.png,1
organik\organik83.jpg,1
organik\organik84.png,1
organik\organik85.jpg,1
organik\organik86.png,1
organik\organik87.jpg,1
organik\organik88.png,1
organik\organik89.jpg,1
organik\organik9.jpg,1
organik\organik90.png,1
organik\organik91.jpg,1
organik\organik92.jpg,1
organik\organik93.png,1
organik\organik94.jpg,1
organik\organik95.png,1
organik\organik96.jpg,1
organik\organik97.png,1
organik\organik98.jpg,1
organik\organik99.png,1
plastik\plastik1.jpg,2
plastik\plastik10.jpg,2
plastik\plastik100.jpg,2
plastik\plastik101.jpg,2
plastik\plastik102.jpg,2
plastik\plastik103.jpg,2
plastik\plastik104.jpg,2
plastik\plastik105.jpg,2
plastik\plastik106.jpg,2
plastik\plastik107.jpg,2
plastik\plastik108.jpg,2
plastik\plastik109.jpg,2
plastik\plastik11.jpg,2
plastik\plastik110.jpg,2
plastik\plastik111.jpg,2
plastik\plastik112.jpg,2
plastik\plastik113.jpg,2
plastik\plastik114.jpg,2
plastik\plastik115.jpg,2
plastik\plastik116.jpg,2
plastik\plastik117.jpg,2
plastik\plastik118.jpg,2
plastik\plastik119.jpg,2
plastik\plastik12.jpg,2
plastik\plastik120.jpg,2
plastik\plastik121.jpg,2
plastik\plastik122.jpg,2
plastik\plastik123.jpg,2
plastik\plastik124.jpg,2
plastik\plastik125.jpg,2
plastik\plastik126.jpg,2
plastik\plastik127.jpg,2
plastik\plastik128.jpg,2
plastik\plastik129.jpg,2
plastik\plastik13.jpg,2
plastik\plastik130.jpg,2
plastik\plastik131.jpg,2
plastik\plastik132.jpg,2
plastik\plastik133.jpg,2
plastik\plastik134.jpg,2
plastik\plastik135.jpg,2
plastik\plastik136.jpg,2
plastik\plastik137.jpg,2
plastik\plastik138.jpg,2
plastik\plastik139.jpg,2
plastik\plastik14.jpg,2
plastik\plastik140.jpg,2
plastik\plastik141.jpg,2
plastik\plastik142.jpg,2
plastik\plastik143.jpg,2
plastik\plastik144.jpg,2
plastik\plastik145.jpg,2
plastik\plastik146.jpg,2
plastik\plastik147.jpg,2
plastik\plastik148.jpg,2
plastik\plastik149.jpg,2
plastik\plastik15.jpg,2
plastik\plastik150.jpg,2
plastik\plastik151.jpg,2
plastik\plastik152.jpg,2
plastik\plastik153.jpg,2
plastik\plastik154.jpg,2
plastik\plastik155.jpg,2
plastik\plastik156.jpg,2
plastik\plastik157.jpg,2
plastik\plastik158.jpg,2
plastik\plastik159.jpg,2
plastik\plastik16.jpg,2
plastik\plastik160.jpg,2
plastik\plastik161.jpg,2
plastik\plastik162.jpg,2
plastik\plastik163.jpg,2
plastik\plastik164.jpg,2
plastik\plastik165.jpg,2
plastik\plastik166.jpg,2
plastik\plastik167.jpg,2
plastik\plastik168.jpg,2
plastik\plastik169.jpg,2
plastik\plastik17.jpg,2
plastik\plastik170.jpg,2
plastik\plastik171.jpg,2
plastik\plastik172.jpg,2
plastik\plastik173.jpg,2
plastik\plastik174.jpg,2
plastik\plastik175.jpg,2
plastik\plastik176.jpg,2
plastik\plastik177.jpg,2
plastik\plastik178.jpg,2
plastik\plastik179.jpg,2
plastik\plastik18.jpg,2
plastik\plastik180.jpg,2
plastik\plastik181.jpg,2
plastik\plastik182.jpg,2
plastik\plastik183.jpg,2
plastik\plastik184.jpg,2
plastik\plastik185.jpg,2
plastik\plastik186.jpg,2
plastik\plastik187.jpg,2
plastik\plastik188.jpg,2
plastik\plastik189.jpg,2
plastik\plastik19.jpg,2
plastik\plastik190.jpg,2
plastik\plastik191.jpg,2
plastik\plastik192.jpg,2
plastik\plastik193.jpg,2
plastik\plastik194.jpg,2
plastik\plastik195.jpg,2
plastik\plastik196.jpg,2
plastik\plastik197.jpg,2
plastik\plastik198.jpg,2
plastik\plastik199.jpg,2
plastik\plastik2.jpg,2
plastik\plastik20.jpg,2
plastik\plastik200.jpg,2
plastik\plastik201.jpg,2
plastik\plastik202.jpg,2
plastik\plastik203.jpg,2
plastik\plastik204.jpg,2
plastik\plastik205.jpg,2
plastik\plastik206.jpg,2
plastik\plastik207.jpg,2
plastik\plastik208.jpg,2
plastik\plastik209.jpg,2
plastik\plastik21.jpg,2
plastik\plastik210.jpg,2
plastik\plastik211.jpg,2
plastik\plastik212.jpg,2
plastik\plastik213.jpg,2
plastik\plastik214.jpg,2
plastik\plastik215.jpg,2
plastik\plastik216.jpg,2
plastik\plastik217.jpg,2
plastik\plastik218.jpg,2
plastik\plastik219.jpg,2
plastik\plastik22.jpg,2
plastik\plastik220.jpg,2
plastik\plastik221.jpg,2
plastik\plastik222.jpg,2
plastik\plastik223.jpg,2
plastik\plastik224.jpg,2
plastik\plastik225.jpg,2
plastik\plastik226.jpg,2
plastik\plastik227.jpg,2
plastik\plastik228.jpg,2
plastik\plastik229.jpg,2
plastik\plastik23.jpg,2
plastik\plastik230.jpg,2
plastik\plastik231.jpg,2
plastik\plastik232.jpg,2
plastik\plastik233.jpg,2
plastik\plastik234.jpg,2
plastik\plastik235.jpg,2
plastik\plastik236.jpg,2
plastik\plastik237.jpg,2
plastik\plastik238.jpg,2
plastik\plastik239.jpg,2
plastik\plastik24.jpg,2
plastik\plastik240.jpg,2
plastik\plastik241.jpg,2
plastik\plastik242.jpg,2
plastik\plastik243.jpg,2
plastik\plastik244.jpg,2
plastik\plastik245.jpg,2
plastik\plastik246.jpg,2
plastik\plastik247.jpg,2
plastik\plastik248.jpg,2
plastik\plastik249.jpg,2
plastik\plastik25.jpg,2
plastik\plastik250.jpg,2
plastik\plastik251.jpg,2
plastik\plastik252.jpg,2
plastik\plastik253.jpg,2
plastik\plastik254.jpg,2
plastik\plastik255.jpg,2
plastik\plastik256.jpg,2
plastik\plastik257.jpg,2
plastik\plastik258.jpg,2
plastik\plastik259.jpg,2
plastik\plastik26.jpg,2
plastik\plastik260.jpg,2
plastik\plastik261.jpg,2
plastik\plastik262.jpg,2
plastik\plastik263.jpg,2
plastik\plastik264.jpg,2
plastik\plastik265.jpg,2
plastik\plastik266.jpg,2
plastik\plastik267.jpg,2
plastik\plastik268.jpg,2
plastik\plastik269.jpg,2
plastik\plastik27.jpg,2
plastik\plastik270.jpg,2
plastik\plastik271.jpg,2
plastik\plastik272.jpg,2
plastik\plastik273.jpg,2
plastik\plastik274.jpg,2
plastik\plastik275.jpg,2
plastik\plastik276.jpg,2
plastik\plastik277.jpg,2
plastik\plastik278.jpg,2
plastik\plastik279.jpg,2
plastik\plastik28.jpg,2
plastik\plastik280.jpg,2
plastik\plastik281.jpg,2
plastik\plastik282.jpg,2
plastik\plastik283.jpg,2
plastik\plastik284.jpg,2
plastik\plastik285.jpg,2
plastik\plastik286.jpg,2
plastik\plastik287.jpg,2
plastik\plastik288.jpg,2
plastik\plastik289.jpg,2
plastik\plastik29.jpg,2
plastik\plastik290.jpg,2
plastik\plastik291.jpg,2
plastik\plastik292.jpg,2
plastik\plastik293.jpg,2
plastik\plastik294.jpg,2
plastik\plastik295.jpg,2
plastik\plastik296.jpg,2
plastik\plastik297.jpg,2
plastik\plastik298.jpg,2
plastik\plastik299.jpg,2
plastik\plastik3.jpg,2
plastik\plastik30.jpg,2
plastik\plastik300.jpg,2
plastik\plastik301.jpg,2
plastik\plastik302.jpg,2
plastik\plastik303.jpg,2
plastik\plastik304.jpg,2
plastik\plastik305.jpg,2
plastik\plastik306.jpg,2
plastik\plastik307.jpg,2
plastik\plastik308.jpg,2
plastik\plastik309.jpg,2
plastik\plastik31.jpg,2
plastik\plastik310.jpg,2
plastik\plastik311.jpg,2
plastik\plastik312.jpg,2
plastik\plastik313.jpg,2
plastik\plastik314.jpg,2
plastik\plastik315.jpg,2
plastik\plastik316.jpg,2
plastik\plastik317.jpg,2
plastik\plastik318.jpg,2
plastik\plastik319.jpg,2
plastik\plastik32.jpg,2
plastik\plastik320.jpg,2
plastik\plastik321.jpg,2
plastik\plastik322.jpg,2
plastik\plastik323.jpg,2
plastik\plastik324.jpg,2
plastik\plastik325.jpg,2
plastik\plastik326.jpg,2
plastik\plastik327.jpg,2
plastik\plastik328.jpg,2
plastik\plastik329.jpg,2
plastik\plastik33.jpg,2
plastik\plastik330.jpg,2
plastik\plastik331.jpg,2
plastik\plastik332.jpg,2
plastik\plastik333.jpg,2
plastik\plastik334.jpg,2
plastik\plastik335.jpg,2
plastik\plastik336.jpg,2
plastik\plastik337.jpg,2
plastik\plastik338.jpg,2
plastik\plastik339.jpg,2
plastik\plastik34.jpg,2
plastik\plastik340.jpg,2
plastik\plastik341.jpg,2
plastik\plastik342.jpg,2
plastik\plastik343.jpg,2
plastik\plastik344.jpg,2
plastik\plastik345.jpg,2
plastik\plastik346.jpg,2
plastik\plastik347.jpg,2
plastik\plastik348.jpg,2
plastik\plastik349.jpg,2
plastik\plastik35.jpg,2
plastik\plastik350.jpg,2
plastik\plastik351.jpg,2
plastik\plastik352.jpg,2
plastik\plastik353.jpg,2
plastik\plastik354.jpg,2
plastik\plastik355.jpg,2
plastik\plastik356.jpg,2
plastik\plastik357.jpg,2
plastik\plastik358.jpg,2
plastik\plastik359.jpg,2
plastik\plastik36.jpg,2
plastik\plastik360.jpg,2
plastik\plastik361.jpg,2
plastik\plastik362.jpg,2
plastik\plastik363.jpg,2
plastik\plastik364.jpg,2
plastik\plastik365.jpg,2
plastik\plastik366.jpg,2
plastik\plastik367.jpg,2
plastik\plastik368.jpg,2
plastik\plastik369.jpg,2
plastik\plastik37.jpg,2
plastik\plastik370.jpg,2
plastik\plastik371.jpg,2
plastik\plastik372.jpg,2
plastik\plastik373.jpg,2
plastik\plastik374.jpg,2
plastik\plastik375.jpg,2
plastik\plastik376.jpg,2
plastik\plastik377.jpg,2
plastik\plastik378.jpg,2
plastik\plastik379.jpg,2
plastik\plastik38.jpg,2
plastik\plastik380.jpg,2
plastik\plastik381.jpg,2
plastik\plastik382.jpg,2
plastik\plastik383.jpg,2
plastik\plastik384.jpg,2
plastik\plastik385.jpg,2
plastik\plastik386.jpg,2
plastik\plastik387.jpg,2
plastik\plastik388.jpg,2
plastik\plastik389.jpg,2
plastik\plastik39.jpg,2
plastik\plastik390.jpg,2
plastik\plastik391.jpg,2
plastik\plastik392.jpg,2
plastik\plastik393.jpg,2
plastik\plastik394.jpg,2
plastik\plastik395.jpg,2
plastik\plastik396.jpg,2
plastik\plastik397.jpg,2
plastik\plastik398.jpg,2
plastik\plastik399.jpg,2
plastik\plastik4.jpg,2
plastik\plastik40.jpg,2
plastik\plastik400.jpg,2
plastik\plastik401.jpg,2
plastik\plastik402.jpg,2
plastik\plastik403.jpg,2
plastik\plastik404.jpg,2
plastik\plastik405.jpg,2
plastik\plastik406.jpg,2
plastik\plastik407.jpg,2
plastik\plastik408.jpg,2
plastik\plastik409.jpg,2
plastik\plastik41.jpg,2
plastik\plastik410.jpg,2
plastik\plastik411.jpg,2
plastik\plastik412.jpg,2
plastik\plastik413.jpg,2
plastik\plastik414.jpg,2
plastik\plastik415.jpg,2
plastik\plastik416.jpg,2
plastik\plastik417.jpg,2
plastik\plastik418.jpg,2
plastik\plastik419.jpg,2
plastik\plastik42.jpg,2
plastik\plastik420.jpg,2
plastik\plastik421.jpg,2
plastik\plastik422.jpg,2
plastik\plastik423.jpg,2
plastik\plastik424.jpg,2
plastik\plastik425.jpg,2
plastik\plastik426.jpg,2
plastik\plastik427.jpg,2
plastik\plastik428.jpg,2
plastik\plastik429.jpg,2
plastik\plastik43.jpg,2
plastik\plastik430.jpg,2
plastik\plastik431.jpg,2
plastik\plastik432.jpg,2
plastik\plastik433.jpg,2
plastik\plastik434.jpg,2
plastik\plastik435.jpg,2
plastik\plastik436.jpg,2
plastik\plastik437.jpg,2
plastik\plastik438.jpg,2
plastik\plastik439.jpg,2
plastik\plastik44.jpg,2
plastik\plastik440.jpg,2
plastik\plastik441.jpg,2
plastik\plastik442.jpg,2
plastik\plastik443.jpg,2
plastik\plastik444.jpg,2
plastik\plastik445.jpg,2
plastik\plastik446.jpg,2
plastik\plastik447.jpg,2
plastik\plastik448.jpg,2
plastik\plastik449.jpg,2
plastik\plastik45.jpg,2
plastik\plastik450.jpg,2
plastik\plastik451.jpg,2
plastik\plastik452.jpg,2
plastik\plastik453.jpg,2
plastik\plastik454.jpg,2
plastik\plastik455.jpg,2
plastik\plastik456.jpg,2
plastik\plastik457.jpg,2
plastik\plastik458.jpg,2
plastik\plastik459.jpg,2
plastik\plastik46.jpg,2
plastik\plastik460.jpg,2
plastik\plastik461.jpg,2
plastik\plastik462.jpg,2
plastik\plastik463.jpg,2
plastik\plastik464.jpg,2
plastik\plastik465.jpg,2
plastik\plastik466.jpg,2
plastik\plastik467.jpg,2
plastik\plastik468.jpg,2
plastik\plastik469.jpg,2
plastik\plastik47.jpg,2
plastik\plastik470.jpg,2
plastik\plastik471.jpg,2
plastik\plastik472.jpg,2
plastik\plastik473.jpg,2
plastik\plastik474.jpg,2
plastik\plastik475.jpg,2
plastik\plastik476.jpg,2
plastik\plastik477.jpg,2
plastik\plastik478.jpg,2
plastik\plastik479.jpg,2
plastik\plastik48.jpg,2
plastik\plastik480.jpg,2
plastik\plastik481.jpg,2
plastik\plastik482.jpg,2
plastik\plastik483.jpg,2
plastik\plastik484.jpg,2
plastik\plastik485.jpg,2
plastik\plastik486.jpg,2
plastik\plastik487.jpg,2
plastik\plastik488.jpg,2
plastik\plastik489.jpg,2
plastik\plastik49.jpg,2
plastik\plastik490.jpg,2
plastik\plastik491.jpg,2
plastik\plastik492.jpg,2
plastik\plastik493.jpg,2
plastik\plastik494.jpg,2
plastik\plastik495.jpg,2
plastik\plastik496.jpg,2
plastik\plastik497.jpg,2
plastik\plastik498.jpg,2
plastik\plastik499.jpg,2
plastik\plastik5.jpg,2
plastik\plastik50.jpg,2
plastik\plastik500.jpg,2
plastik\plastik51.jpg,2
plastik\plastik52.jpg,2
plastik\plastik53.jpg,2
plastik\plastik54.jpg,2
plastik\plastik55.jpg,2
plastik\plastik56.jpg,2
plastik\plastik57.jpg,2
plastik\plastik58.jpg,2
plastik\plastik59.jpg,2
plastik\plastik6.jpg,2
plastik\plastik60.jpg,2
plastik\plastik61.jpg,2
plastik\plastik62.jpg,2
plastik\plastik63.jpg,2
plastik\plastik64.jpg,2
plastik\plastik65.jpg,2
plastik\plastik66.jpg,2
plastik\plastik67.jpg,2
plastik\plastik68.jpg,2
plastik\plastik69.jpg,2
plastik\plastik7.jpg,2
plastik\plastik70.jpg,2
plastik\plastik71.jpg,2
plastik\plastik72.jpg,2
plastik\plastik73.jpg,2
plastik\plastik74.jpg,2
plastik\plastik75.jpg,2
plastik\plastik76.jpg,2
plastik\plastik77.jpg,2
plastik\plastik78.jpg,2
plastik\plastik79.jpg,2
plastik\plastik8.jpg,2
plastik\plastik80.jpg,2
plastik\plastik81.jpg,2
plastik\plastik82.jpg,2
plastik\plastik83.jpg,2
plastik\plastik84.jpg,2
plastik\plastik85.jpg,2
plastik\plastik86.jpg,2
plastik\plastik87.jpg,2
plastik\plastik88.jpg,2
plastik\plastik89.jpg,2
plastik\plastik9.jpg,2
plastik\plastik90.jpg,2
plastik\plastik91.jpg,2
plastik\plastik92.jpg,2
plastik\plastik93.jpg,2
plastik\plastik94.jpg,2
plastik\plastik95.jpg,2
plastik\plastik96.jpg,2
plastik\plastik97.jpg,2
plastik\plastik98.jpg,2
plastik\plastik99.jpg,2
